<beans xmlns="http://www.springframework.org/schema/beans"
	xmlns:context="http://www.springframework.org/schema/context"
	xmlns:mvc="http://www.springframework.org/schema/mvc"
	xmlns:xsi="http://www.w3.org/2001/XMLSchema-instance"
	xsi:schemaLocation=" http://www.springframework.org/schema/beans http://www.springframework.org/schema/beans/spring-beans-3.0.xsd http://www.springframework.org/schema/context http://www.springframework.org/schema/context/spring-context-3.0.xsd http://www.springframework.org/schema/mvc http://www.springframework.org/schema/mvc/spring-mvc-3.0.xsd">
	
	<context:annotation-config/>
	<context:component-scan base-package="bitcamp.travelmaker.mail"/>
	
	<!-- mail -->
	
	<bean id="mailSender"
		class="org.springframework.mail.javamail.JavaMailSenderImpl">
		<property name="host" value="smtp.gmail.com" />
		<property name="port" value="587" />
	
		<property name="username" value="bitcamp109@gmail.com" />
		<property name="password" value="room404404" />
		
		<property name="javaMailProperties">
			<props>
				<prop key="mail.debug">true</prop>
				<prop key="mail.smtp.auth">true</prop>
				<prop key="mail.smtp.starttls.enable">true</prop>
				<prop key="mail.mime.charset">UTF-8</prop>
				<prop key="mail.transport.protocol">smtp</prop>
			</props>
		</property>
	</bean>
	<bean id="mailer" class="bitcamp.travelmaker.mail.MailService">
		<property name="mailSender" ref="mailSender" /><!--mailSender 
			bean참조 -->
		<property name="velocityEngine" ref="velocityEngine" /><!--velocityEngine 
			bean참조 -->
	</bean>
	<bean id="velocityEngine"
		class="org.springframework.ui.velocity.VelocityEngineFactoryBean">
		<property name="resourceLoaderPath" value="/WEB-INF/views/vm/" />
		<property name="velocityProperties">
			<props>
				<prop key="resource.loader">file</prop>
				<!-- <prop key="resource.loader.path">/WEB-INF/views/vm/</prop> -->
				<prop key="class.resource.loader.class">
					org.apache.velocity.runtime.resource.loader.FileResourceLoader
				</prop>
				<prop key="input.encoding">UTF-8</prop>
				<prop key="output.encoding">UTF-8</prop>
			</props>
		</property>
	</bean>
	
<!--  Velocity 설정 
	<bean id="velocityConfig" class="org.springframework.web.servlet.view.velocity.VelocityConfigurer">
		<property name="resourceLoaderPath" value="WEB-INF/views/vm/" />
		<property name="velocityProperties">
			<value>
				input.encoding=UTF-8
				output.encoding=UTF-8
			</value>
		</property>
	</bean>
 -->
	<!--  VelocityViewResolver 
	<beans:bean id="viewResolver" class="org.springframework.web.servlet.view.velocity.VelocityViewResolver">
		<beans:property name="contentType" value="text/html; charset=UTF-8" />
		<beans:property name="cache" value="true" />
		<beans:property name="prefix" value="/" />
		<beans:property name="suffix" value=".vm" />
		<beans:property name="order" value="0" />
	</beans:bean>

	<beans:bean id="velocityEngine" class="org.springframework.ui.velocity.VelocityEngineFactoryBean">
		<beans:property name="resourceLoaderPath" value="/WEB-INF/views/vm/" />
	</beans:bean> -->
	
	
</beans>
