<?xml version="1.0" encoding="UTF-8"?>
<beans xmlns="http://www.springframework.org/schema/beans" 
       xmlns:context="http://www.springframework.org/schema/context"
       xmlns:tx="http://www.springframework.org/schema/tx"
       xmlns:xsi="http://www.w3.org/2001/XMLSchema-instance" 
       xsi:schemaLocation="http://www.springframework.org/schema/beans 
                           http://www.springframework.org/schema/beans/spring-beans.xsd
                           http://www.springframework.org/schema/context 
                           http://www.springframework.org/schema/context/spring-context.xsd
						   http://www.springframework.org/schema/tx
 						   http://www.springframework.org/schema/tx/spring-tx.xsd">
<!--  
1.WebApp 필요한 객체의 생성과 조립
2.DispatcherServlet 제공하는 IOC 컨테이너에 
-->
<context:annotation-config />
<context:component-scan base-package="bitcamp.travelmaker.controller" />
<context:component-scan base-package="bitcamp.travelmaker.service" />




<!--  Tiles 설정하기 -->
<bean id="tilesConfigurer" class="org.springframework.web.servlet.view.tiles2.TilesConfigurer">
	 <property name="definitions">
		  <list>
		   	<value>/WEB-INF/Tiles.xml</value>
		  </list>
	 </property>
</bean>
<!-- urlBased 리턴 되는 주소형태의 값으로 타일즈 구성 -->
<bean id="urlBasedViewResolver" 
      class="org.springframework.web.servlet.view.UrlBasedViewResolver">
 	<property name="viewClass" value="org.springframework.web.servlet.view.tiles2.TilesView" />
</bean> 
<!--  Tiles 설정 END --> 
	<bean name="jsonview" class="org.springframework.web.servlet.view.json.MappingJackson2JsonView" />
<bean id="transactionManager" class="org.springframework.jdbc.datasource.DataSourceTransactionManager">
   <property name="dataSource" ref="driverManagerDataSource" />
</bean>
 <tx:annotation-driven transaction-manager="transactionManager"/>




</beans>




