<?xml version="1.0" encoding="UTF-8"?>
<beans xmlns="http://www.springframework.org/schema/beans"
	xmlns:xsi="http://www.w3.org/2001/XMLSchema-instance"
	xmlns:security="http://www.springframework.org/schema/security"
	xsi:schemaLocation="http://www.springframework.org/schema/beans 
						http://www.springframework.org/schema/beans/spring-beans.xsd
  						http://www.springframework.org/schema/security 
  						http://www.springframework.org/schema/security/spring-security.xsd">

	<!-- 로그인 -->

	<security:http>
	<security:csrf disabled="true" />
	<security:form-login login-page="/login" 
		authentication-failure-handler-ref="loginFailHandler"
		authentication-success-handler-ref="loginSuccessHandler"
		username-parameter="M_Email"
		password-parameter="M_Pwd" />
	<security:session-management invalid-session-url="/index.htm" >
		<security:concurrency-control max-sessions="1" expired-url="/index.htm"/>
	</security:session-management>
	<security:logout logout-success-url="/index.htm" />
	<!-- 	
	<security:intercept-url pattern="/customer/noticeDetail.htm" access="hasRole('ROLE_USER')" />
	<security:intercept-url pattern="/customer/noticeReg.htm" access="hasRole('ROLE_ADMIN')" /> 
	-->

<!-- 	<security:intercept-url pattern="/customer/*Reg.htm" access="hasRole('user')" /> -->
<!-- 	<security:intercept-url pattern="/admin/**" access="hasRole('admin')" /> -->
</security:http>
<security:authentication-manager>
	<security:authentication-provider>
		<security:jdbc-user-service 
			authorities-by-username-query="select m.M_Email,a.A_Name from Member m join mauthority ma on m.M_Email=ma.M_Email join authority a on ma.a_code=a.a_code where m.m_email=?"
			users-by-username-query="select M_Email, M_Pwd as password, 1 enabled from Member where M_Email=?"
			data-source-ref="driverManagerDataSource"
		/><!-- db연결 -->
		
		<security:password-encoder ref="bCryptPasswordEncoder" />
	</security:authentication-provider>
</security:authentication-manager>
<bean id="loginSuccessHandler" class="bitcamp.travelmaker.security.LoginSuccessHandler"></bean>
<bean id="loginFailHandler" class="bitcamp.travelmaker.security.LoginFailHandler"></bean>

</beans>
